CHROM,sw_Str,834927.AvgLD,834931.AvgLD,sSNP,totalSNP,sSNP/totalSNP,Threshold
2,4030001,58,71,1891,4120,0.4589805825242718,0.09199150485436874
2,8290001,54,61,936,1727,0.5419803126809496,0.09496236247828604
3,9280001,52,58,810,3373,0.24014230655203084,0.09042395493625853
