Chromosome,Num of sSNPs,Num of totalSNPs,sSNP/totalSNP
2,3673,9603,0.382484640216599
3,1364,9625,0.1417142857142857
4,716,9594,0.07462997706900146
