CHROM,POS,REF,ALT,QUAL,834927.GT,834927.AD,834927.GQ,834931.GT,834931.AD,834931.GQ,ChrmSortID
2,3435256,C,T,62.24,./.,,,T/T,"0,2",6.0,1
2,3947717,T,C,203.37,T/C,"6,5",99.0,./.,,,1
2,4482925,C,T,60.24,T/T,"0,2",6.0,./.,,,1
2,4533591,A,C,47.24,C/C,"0,2",6.0,./.,,,1
2,4796574,G,A,60.24,A/A,"0,2",6.0,./.,,,1
2,4800721,C,G,46.37,C/G,"2,2",53.0,./.,,,1
2,7265283,T,C,221.37,T/C,"2,7",43.0,./.,,,1
2,9572147,G,T,32.37,G/T,"1,1",39.0,./.,,,1
2,9572150,C,T,32.37,C/T,"1,1",39.0,./.,,,1
2,10040193,A,G,249.44,A/G,"1,8",8.0,./.,,,1
2,10202256,T,C,74.37,T/C,"1,2",65.0,./.,,,1
2,10202257,G,A,74.37,G/A,"1,2",65.0,./.,,,1
3,691070,G,A,42.37000000000001,G/A,"2,2",49.0,./.,,,2
3,966095,G,A,102.37,G/A,"3,3",99.0,./.,,,2
3,966097,C,T,65.37,C/T,"4,2",72.0,./.,,,2
3,1705966,A,C,56.24000000000001,C/C,"0,2",6.0,./.,,,2
3,3944421,G,A,75.24,A/A,"0,2",6.0,./.,,,2
3,3944443,C,G,79.24,G/G,"0,2",6.0,./.,,,2
3,3944444,G,A,79.24,A/A,"0,2",6.0,./.,,,2
3,3944471,A,G,79.24,G/G,"0,2",6.0,./.,,,2
3,3944472,C,T,79.24,T/T,"0,2",6.0,./.,,,2
3,4023450,C,T,37.37,C/T,"5,3",44.0,./.,,,2
3,9131281,C,T,54.36999999999999,C/T,"2,2",59.0,./.,,,2
3,10934503,G,A,79.24,A/A,"0,2",6.0,./.,,,2
3,10934515,G,A,79.24,A/A,"0,2",6.0,./.,,,2
3,10934530,T,A,79.24,A/A,"0,2",6.0,./.,,,2
3,10938140,T,C,197.37,T/C,"2,5",99.0,./.,,,2
3,10938147,C,T,232.37,C/T,"2,6",99.0,./.,,,2
3,10938368,G,A,238.37,G/A,"4,8",99.0,./.,,,2
3,11062636,C,T,204.37,C/T,"5,7",99.0,./.,,,2
3,11065693,C,A,36.31,A/A,"0,1",3.0,./.,,,2
3,11349840,G,C,94.9,C/C,"0,3",9.0,./.,,,2
3,11370616,G,A,278.37,G/A,"2,6",99.0,./.,,,2
3,11370618,C,T,236.37,C/T,"3,6",99.0,./.,,,2
3,11370626,C,T,336.37,C/T,"2,9",57.0,./.,,,2
3,11370929,G,C,191.37,G/C,"4,5",99.0,./.,,,2
3,11370935,A,C,191.37,A/C,"3,5",99.0,./.,,,2
3,11371153,T,C,79.24,C/C,"0,2",6.0,./.,,,2
3,11371170,G,T,74.38,G/T,"1,2",19.0,./.,,,2
3,11371298,T,C,79.24,C/C,"0,2",6.0,./.,,,2
3,11371305,A,G,79.24,G/G,"0,2",6.0,./.,,,2
4,3216022,C,T,158.37,C/T,"1,3",99.0,./.,,,3
4,3216051,C,T,113.37,C/T,"0,3",58.0,./.,,,3
4,3216070,T,A,68.37,T/A,"3,2",75.0,./.,,,3
4,3934755,T,C,137.37,T/C,"4,4",99.0,./.,,,3
4,3934760,A,G,137.37,A/G,"4,3",99.0,./.,,,3
4,4747534,A,G,74.37,A/G,"1,2",36.0,./.,,,3
4,4747545,C,T,74.37,C/T,"1,2",36.0,./.,,,3
